,0
0,https://live.staticflickr.com/8242/8487666183_3eff3d2f23_o.jpg
1,https://live.staticflickr.com/7758/17325476055_1e852a68e5_o.jpg
2,
3,https://live.staticflickr.com/4012/4703637309_9814305dbc_o.jpg
4,https://live.staticflickr.com/4116/4872435618_fe773aa917_o.jpg
5,https://live.staticflickr.com/5016/5524665573_ca4f37c949_o.jpg
6,https://live.staticflickr.com/5238/5913452967_c57550acbf_o.jpg
7,https://live.staticflickr.com/8004/7276865788_ee5db2abd9_o.jpg
8,https://live.staticflickr.com/7030/6738693611_284d73b78e_o.jpg
9,https://live.staticflickr.com/3762/12244783725_86703b4981_o.jpg
10,
11,https://live.staticflickr.com/8458/8061492584_e89996e62e_o.jpg
12,
13,https://live.staticflickr.com/3373/3330811774_c63fb144c8_o.jpg
14,https://live.staticflickr.com/1514/26595505461_f844147b93_o.jpg
15,https://live.staticflickr.com/3619/3630322910_8fb897497b_o.jpg
16,https://live.staticflickr.com/8016/7476110054_c87bc8ee6d_o.jpg
17,https://live.staticflickr.com/5109/5665782941_96960feb1c_o.jpg
18,https://live.staticflickr.com/7177/6825947764_cab7cae3c8_o.jpg
19,https://live.staticflickr.com/5040/7060384125_7047ecdbff_o.jpg
20,https://live.staticflickr.com/5589/15311806765_f7a94fd4dc_o.jpg
21,https://live.staticflickr.com/2808/9493011478_5ba1bab656_o.jpg
22,https://live.staticflickr.com/2270/1912212340_5016fb525f_o.jpg
23,https://live.staticflickr.com/2096/1912198498_e46283f552_o.jpg
24,https://live.staticflickr.com/1691/25037585162_9888fbf109_o.jpg
25,https://live.staticflickr.com/7255/6881156072_9ee97d0d9f_o.jpg
26,
27,https://live.staticflickr.com/3618/3495871394_e9be6579f9_o.jpg
28,https://live.staticflickr.com/3854/14301569740_a80a8c3653_o.jpg
29,
30,
31,https://live.staticflickr.com/48/134560688_947a8af1ba_o.jpg
32,
33,
34,https://live.staticflickr.com/4144/4990271246_e2593276b6_o.jpg
35,https://live.staticflickr.com/5516/9671207930_8dfde6243b_o.jpg
36,https://live.staticflickr.com/2478/3722478694_f2cd8d558c_o.jpg
37,https://live.staticflickr.com/6089/6069206673_65bcb04876_o.jpg
38,https://live.staticflickr.com/7176/6817017008_f6d74822e4_o.jpg
39,https://live.staticflickr.com/6089/6145682705_666893e84e_o.jpg
40,https://live.staticflickr.com/7265/7665998592_3f2fed4c5a_o.jpg
41,https://live.staticflickr.com/705/30905170833_5b56122411_o.jpg
42,
43,https://live.staticflickr.com/5053/5412266872_207ece330d_o.jpg
44,https://live.staticflickr.com/5068/5668683027_2bdc454feb_o.jpg
45,
46,
47,https://live.staticflickr.com/2662/3796018816_28090cdfce_o.jpg
48,https://live.staticflickr.com/1060/1084076568_e020111d2d_o.jpg
49,https://live.staticflickr.com/6167/6180043723_c3a7254541_o.jpg
50,https://live.staticflickr.com/1226/4603207646_41264f902d_o.jpg
51,https://live.staticflickr.com/7181/7012336077_3777a13aa8_o.jpg
52,https://live.staticflickr.com/88/232223852_c6982bf66a_o.jpg
53,https://live.staticflickr.com/5024/5666351800_f20581b377_o.jpg
54,https://live.staticflickr.com/2900/14064528334_72cc3d13e3_o.jpg
55,https://live.staticflickr.com/27/51534495_38a27d1fdc_o.jpg
56,https://live.staticflickr.com/5457/14040965556_b0abecda99_o.jpg
57,https://live.staticflickr.com/5443/9169946371_73452bef6f_o.jpg
58,https://live.staticflickr.com/6229/6373112383_f778865dae_o.jpg
59,https://live.staticflickr.com/5112/14060924072_10a5187610_o.jpg
60,https://live.staticflickr.com/7436/14060929022_e7c00c3209_o.jpg
61,https://live.staticflickr.com/30/51534512_0791a7430c_o.jpg
62,https://live.staticflickr.com/4042/4343826912_7a09c4d2e8_o.jpg
63,
64,https://live.staticflickr.com/6221/6348564115_1fc6200711_o.jpg
65,https://live.staticflickr.com/3180/2752326199_fb4903a88a_o.jpg
66,
67,https://live.staticflickr.com/5128/5371898622_42d8d3fb16_o.jpg
68,https://live.staticflickr.com/7671/17363512541_e228785353_o.jpg
69,https://live.staticflickr.com/5108/5681360599_d00ac9de9f_o.jpg
70,https://live.staticflickr.com/5325/7427967912_bfeafb976d_o.jpg
71,https://live.staticflickr.com/1598/24085191651_82c40c4ed4_o.jpg
72,https://live.staticflickr.com/4080/4751538945_24fa8e1cfc_o.jpg
73,https://live.staticflickr.com/4036/4624745537_030ae25c45_o.jpg
74,https://live.staticflickr.com/3199/3009005061_e681bf12c7_o.jpg
75,https://live.staticflickr.com/3661/3651313610_563402d299_o.jpg
76,https://live.staticflickr.com/4113/5012587529_f20d4ca216_o.jpg
77,
78,
79,https://live.staticflickr.com/179/417649292_4b8451f65b_o.jpg
80,https://live.staticflickr.com/7439/15768337014_f42c9a5211_o.jpg
81,https://live.staticflickr.com/3010/2790471720_3e0a22080d_o.jpg
82,https://live.staticflickr.com/7016/6752825401_165c90d4ef_o.jpg
83,https://live.staticflickr.com/7169/6651165261_5c400841f6_o.jpg
84,
85,https://live.staticflickr.com/7068/6946005453_c70e01db40_o.jpg
86,https://live.staticflickr.com/2420/2081833380_c85d2b809f_o.jpg
87,https://live.staticflickr.com/7570/16300387106_1ac079d141_o.jpg
88,
89,https://live.staticflickr.com/3637/3538079571_980c11f71f_o.jpg
90,
91,https://live.staticflickr.com/7382/9537641502_13594aa5ce_o.jpg
92,
93,
94,https://live.staticflickr.com/4051/4554166202_d1af2286f2_o.jpg
95,https://live.staticflickr.com/1413/1363273468_c6e32d2a72_o.jpg
96,https://live.staticflickr.com/7185/6782806342_46d2e4ee22_o.jpg
97,
98,https://live.staticflickr.com/6200/6053699105_f9fe9e0a16_o.jpg
99,https://live.staticflickr.com/6103/6340507649_ee49cb4143_o.jpg
100,https://live.staticflickr.com/30/51534512_0791a7430c_o.jpg
101,https://live.staticflickr.com/29/51534505_cd626772ad_o.jpg
102,https://live.staticflickr.com/58/157589899_14173fe6e9_o.jpg
103,https://live.staticflickr.com/8381/8532949582_0470634f45_o.jpg
104,https://live.staticflickr.com/7524/26830320553_5aa842f7bf_o.jpg
105,https://live.staticflickr.com/7107/6859015602_4561a0ee6a_o.jpg
106,https://live.staticflickr.com/398/19623068210_e06ac03b6d_o.jpg
107,https://live.staticflickr.com/27/52498996_6dd3c83701_o.jpg
108,https://live.staticflickr.com/7205/6782809986_9db037fd80_o.jpg
109,https://live.staticflickr.com/2436/3558045656_169998bd30_o.jpg
110,https://live.staticflickr.com/5082/5270269975_aeb68ed903_o.jpg
111,
112,
113,https://live.staticflickr.com/162/371092188_dcf55106e6_o.jpg
114,https://live.staticflickr.com/2049/1912204234_af131e8035_o.jpg
115,https://live.staticflickr.com/7050/6895294308_2d7c4f8b2a_o.jpg
116,
117,https://live.staticflickr.com/3126/3146004586_235afdd85e_o.jpg
118,https://live.staticflickr.com/2689/4358806900_b098798e01_o.jpg
119,https://live.staticflickr.com/1119/533539218_b32a84f844_o.jpg
120,
121,https://live.staticflickr.com/2754/4394219168_11337141a1_o.jpg
122,
123,https://live.staticflickr.com/3313/3507871528_627240fd9f_o.jpg
124,https://live.staticflickr.com/3030/2440469175_d417344143_o.jpg
125,
126,
127,https://live.staticflickr.com/7689/16986173950_105c0296fd_o.jpg
128,https://live.staticflickr.com/720/22818008165_1d0762091e_o.jpg
129,https://live.staticflickr.com/2099/2371004078_064bffd5bc_o.jpg
130,https://live.staticflickr.com/755/23004054409_3fa59b984a_o.jpg
131,
132,https://live.staticflickr.com/8214/8403204017_b792fe0a17_o.jpg
133,https://live.staticflickr.com/4007/4272893996_e3ae7c0079_o.jpg
134,https://live.staticflickr.com/7369/9389221982_3c1c72cd90_o.jpg
135,https://live.staticflickr.com/3205/2912162413_e838cebd71_o.jpg
136,https://live.staticflickr.com/1484/24025983735_6634554ba7_o.jpg
137,
138,
139,
140,https://live.staticflickr.com/5699/22767380494_990008e911_o.jpg
141,https://live.staticflickr.com/5285/5281727536_050af7aa73_o.jpg
142,https://live.staticflickr.com/7147/6635987101_870a4315a1_o.jpg
143,https://live.staticflickr.com/8006/7541891808_95ca58bb87_o.jpg
144,https://live.staticflickr.com/5219/5501476731_fea7ece5c3_o.jpg
145,https://live.staticflickr.com/3549/3650512255_edb9b01b5e_o.jpg
146,
147,
148,https://live.staticflickr.com/3369/5850269903_e8cd29ac02_o.jpg
149,https://live.staticflickr.com/139/404726631_d22097a83e_o.jpg
150,
151,https://live.staticflickr.com/3414/5819132693_bee0a4c61d_o.jpg
152,https://live.staticflickr.com/7173/6814753739_23373d499e_o.jpg
153,https://live.staticflickr.com/4130/5159438922_581fb64d16_o.jpg
154,https://live.staticflickr.com/7299/16397871736_80c5a62737_o.jpg
155,
156,https://live.staticflickr.com/7243/7357829104_215bcc5aef_o.jpg
157,
158,https://live.staticflickr.com/5789/29632767674_b29b00e27f_o.jpg
159,https://live.staticflickr.com/3063/3086488075_373da91a2d_o.jpg
160,https://live.staticflickr.com/2749/5828149836_bb43f0a6d4_o.jpg
161,https://live.staticflickr.com/7322/14141008063_575d22c1ae_o.jpg
162,https://live.staticflickr.com/7032/6839821825_9aa4280cc6_o.jpg
163,https://live.staticflickr.com/5210/5312730564_87cb6878a8_o.jpg
164,https://live.staticflickr.com/5201/5196713568_c6b56f15e1_o.jpg
165,https://live.staticflickr.com/2242/2227100488_7f54a5cfdf_o.jpg
166,https://live.staticflickr.com/5780/25350689749_4d11439730_o.jpg
167,https://live.staticflickr.com/7399/9130469701_1d33f5c588_o.jpg
168,
169,
170,https://live.staticflickr.com/5295/5418679635_bfe65aebbd_o.jpg
171,
172,https://live.staticflickr.com/3411/3329122579_d8be4cf29f_o.jpg
173,https://live.staticflickr.com/7111/7588457188_bf7da0c516_o.jpg
174,
175,
176,https://live.staticflickr.com/5294/5500348058_df324ba869_o.jpg
177,https://live.staticflickr.com/8470/8347630140_20d9a4112b_o.jpg
178,https://live.staticflickr.com/98/377533693_945e8a8f97_o.jpg
179,
180,https://live.staticflickr.com/25/67925093_953a0d6fdf_o.jpg
181,
182,https://live.staticflickr.com/7282/9281779187_5ea4f1c8a2_o.jpg
183,https://live.staticflickr.com/8821/17279323848_6a6089f328_o.jpg
184,https://live.staticflickr.com/7094/7095249829_367c9722ca_o.jpg
185,
186,https://live.staticflickr.com/3947/15638094772_ed6a678eb9_o.jpg
187,https://live.staticflickr.com/38/98241538_39c919afc1_o.jpg
188,
189,https://live.staticflickr.com/6113/6234158593_a69692611a_o.jpg
190,
191,
192,https://live.staticflickr.com/4144/5195901618_ab00f77628_o.jpg
193,https://live.staticflickr.com/6023/5892533783_0998663ac1_o.jpg
194,https://live.staticflickr.com/6174/6180709542_139edb257b_o.jpg
195,https://live.staticflickr.com/7557/15344908844_0aa701fde9_o.jpg
196,
197,
198,https://live.staticflickr.com/611/22699202443_777f5d81c5_o.jpg
199,https://live.staticflickr.com/2375/2191292876_e3cf729532_o.jpg
200,https://live.staticflickr.com/611/22699202443_777f5d81c5_o.jpg
201,https://live.staticflickr.com/2375/2191292876_e3cf729532_o.jpg
202,https://live.staticflickr.com/5023/5593214546_dc8cb24e52_o.jpg
203,https://live.staticflickr.com/5101/5666351868_6074de70fc_o.jpg
204,https://live.staticflickr.com/29/51534665_8381e6b2b0_o.jpg
205,https://live.staticflickr.com/7065/6961404927_eda8609f77_o.jpg
206,https://live.staticflickr.com/3271/2370999246_09c245db41_o.jpg
207,https://live.staticflickr.com/8557/8703692078_a062a54a61_o.jpg
208,https://live.staticflickr.com/6/8836457_7a2568c188_o.jpg
209,https://live.staticflickr.com/5544/9092656100_b3f1b80d96_o.jpg
210,https://live.staticflickr.com/5030/13965589285_1fb606065b_o.jpg
211,https://live.staticflickr.com/3231/2933710071_31c8a9e326_o.jpg
212,https://live.staticflickr.com/26/67925091_a8157ff359_o.jpg
213,
214,https://live.staticflickr.com/5099/5410762533_1ac9628dab_o.jpg
215,https://live.staticflickr.com/5253/5525256964_56fe756f18_o.jpg
216,
217,https://live.staticflickr.com/7283/8895439844_c7d90d7289_o.jpg
218,https://live.staticflickr.com/2329/2145062772_004964b6f7_o.jpg
219,https://live.staticflickr.com/252/3264779914_191360eb39_o.jpg
220,
221,https://live.staticflickr.com/16/88961484_89a7832b75_o.jpg
222,
223,https://live.staticflickr.com/1477/26665142442_7940f795dc_o.jpg
224,https://live.staticflickr.com/3481/3319535380_759128160d_o.jpg
225,
226,
227,https://live.staticflickr.com/4068/4315940162_64a837879f_o.jpg
228,https://live.staticflickr.com/39/80224044_e6eca2f8d7_o.jpg
229,https://live.staticflickr.com/3937/15010819984_b4563d0c06_o.jpg
230,https://live.staticflickr.com/5062/5653144722_97267ec8a0_o.jpg
231,https://live.staticflickr.com/3607/3398804768_9c1dfe32ab_o.jpg
232,
233,https://live.staticflickr.com/5445/9465395615_53c78dffdd_o.png
234,
235,https://live.staticflickr.com/3581/3388728703_7153dae4b6_o.jpg
236,https://live.staticflickr.com/728/22125047898_9f1dfe28c5_o.jpg
237,https://live.staticflickr.com/3459/3375418540_bc663508b4_o.jpg
238,https://live.staticflickr.com/3196/2539641295_e1303e9975_o.jpg
239,
240,https://live.staticflickr.com/3173/3070529073_401d9495d3_o.jpg
241,
242,
243,
244,
245,
246,https://live.staticflickr.com/8526/8499959343_cc34d7b26e_o.jpg
247,https://live.staticflickr.com/1617/26264000162_1b3d90d87f_o.jpg
248,https://live.staticflickr.com/8423/7606245736_988807d577_o.png
249,
250,https://live.staticflickr.com/3092/2765170404_32e70fa0ce_o.jpg
251,https://live.staticflickr.com/7032/6559894035_f242ca4a1a_o.jpg
252,https://live.staticflickr.com/7170/6449775937_1b638f6f06_o.jpg
253,https://live.staticflickr.com/7145/6449775347_6f4fd29889_o.jpg
254,https://live.staticflickr.com/2158/1817966732_f4bd13b69b_o.jpg
255,https://live.staticflickr.com/172/474963684_7ee531af55_o.jpg
256,https://live.staticflickr.com/5086/5262328244_94cb7471bf_o.jpg
257,https://live.staticflickr.com/514/19803771642_3f24e75d46_o.jpg
258,https://live.staticflickr.com/7454/14064526424_2eaa9f4299_o.jpg
259,https://live.staticflickr.com/1348/585383966_1a63b32a72_o.jpg
260,https://live.staticflickr.com/7068/6848740551_9e83bc4c6f_o.jpg
261,
262,
263,
264,https://live.staticflickr.com/5044/5280451288_f4dee6d068_o.jpg
265,
266,https://live.staticflickr.com/7433/26949572016_1bc711bb12_o.jpg
267,https://live.staticflickr.com/4109/5396755256_fb898aa34d_o.jpg
268,https://live.staticflickr.com/8798/17281398505_c837f18f2d_o.jpg
269,
270,https://live.staticflickr.com/5138/5454029633_a019d87948_o.jpg
271,https://live.staticflickr.com/3282/2677325985_c5a9259171_o.jpg
272,
273,
274,https://live.staticflickr.com/2121/2253404939_752179011d_o.jpg
275,https://live.staticflickr.com/3338/3615968619_8cf96fe486_o.jpg
276,https://live.staticflickr.com/8269/8712765772_8f9f11ebf4_o.png
277,https://live.staticflickr.com/8540/8695776578_3ed2aea6b2_o.jpg
278,https://live.staticflickr.com/8465/8355427918_3e1c7ae000_o.jpg
279,https://live.staticflickr.com/8365/8426544193_0ca711e809_o.jpg
280,https://live.staticflickr.com/3197/3105743791_356f3d7aaf_o.jpg
281,https://live.staticflickr.com/3336/3416988256_ed57efe9a7_o.jpg
282,
283,https://live.staticflickr.com/3144/3105740493_53aa3f1a3f_o.jpg
284,https://live.staticflickr.com/3043/3106574566_0fde25d9fb_o.jpg
285,https://live.staticflickr.com/695/22125042608_01a4f66fc8_o.jpg
286,https://live.staticflickr.com/7150/6807992579_ed1b2a85e3_o.jpg
287,
288,https://live.staticflickr.com/2559/3869978053_615e8793c4_o.jpg
289,
290,https://live.staticflickr.com/8019/7633389208_d8ba15ff49_o.jpg
291,https://live.staticflickr.com/3454/5726915808_9fd4647f60_o.jpg
292,https://live.staticflickr.com/8225/8536300983_399610b276_o.jpg
293,https://live.staticflickr.com/3253/2972317175_a239de3e84_o.jpg
294,
295,https://live.staticflickr.com/5149/5702116635_b65a898c86_o.jpg
296,
297,https://live.staticflickr.com/2390/2538198559_81244e272c_o.jpg
298,https://live.staticflickr.com/5297/5528429972_9e1d339472_o.jpg
299,
300,https://live.staticflickr.com/5297/5528429972_9e1d339472_o.jpg
301,
302,https://live.staticflickr.com/8628/16456389227_97472a0cfb_o.jpg
303,
304,https://live.staticflickr.com/2075/2371002806_6f18a956c3_o.jpg
305,https://live.staticflickr.com/8240/8576139131_5da448c45d_o.jpg
306,https://live.staticflickr.com/7177/6848812139_1a101bccef_o.jpg
307,https://live.staticflickr.com/6072/6112264536_257edae3fe_o.jpg
308,https://live.staticflickr.com/23/34059923_f9e860b608_o.jpg
309,https://live.staticflickr.com/7379/16168919858_e0bbc2c978_o.jpg
310,
311,https://live.staticflickr.com/91/231872553_d4eb150482_o.jpg
312,https://live.staticflickr.com/5260/5408617425_ffb3525185_o.jpg
313,
314,https://live.staticflickr.com/4065/4544313643_d7a8a5f6f4_o.jpg
315,
316,https://live.staticflickr.com/4423/36675979850_be49b87d7c_o.jpg
317,
318,https://live.staticflickr.com/8506/8419625358_dd7f0a6380_o.jpg
319,https://live.staticflickr.com/5218/5424992898_59470dc287_o.jpg
320,https://live.staticflickr.com/4056/5081325302_4a5b31cbaf_o.jpg
321,
322,
323,https://live.staticflickr.com/5242/5280450542_7d6041ce66_o.jpg
324,
325,https://live.staticflickr.com/205/455635586_93b1dd93ab_o.jpg
326,https://live.staticflickr.com/6190/6065456964_2522cfd730_o.jpg
327,
328,https://live.staticflickr.com/8033/7960727838_f15108b987_o.jpg
329,https://live.staticflickr.com/3114/2764324399_1a6bc70efc_o.jpg
330,
331,
332,https://live.staticflickr.com/6071/6074061072_9dd709a212_o.jpg
333,https://live.staticflickr.com/138/323237582_1c00f9f57c_o.jpg
334,https://live.staticflickr.com/5288/5261823656_d110f0bc2d_o.jpg
335,https://live.staticflickr.com/2642/3923645560_91c68c2c95_o.jpg
336,
337,https://live.staticflickr.com/3692/9764777505_2845a6b884_o.jpg
338,https://live.staticflickr.com/5251/5435921411_c97e0b15af_o.jpg
339,https://live.staticflickr.com/2860/9114138109_69ebf3ecc8_o.jpg
340,https://live.staticflickr.com/55/110817815_3984dcf68f_o.jpg
341,https://live.staticflickr.com/3158/3030227866_85574b7110_o.jpg
342,https://live.staticflickr.com/8021/7354314870_3de2d6bbed_o.jpg
343,https://live.staticflickr.com/7428/10269849683_0b06c5fc26_o.jpg
344,https://live.staticflickr.com/5251/5505766675_da4e710bb6_o.jpg
345,https://live.staticflickr.com/5290/5279845617_be25a60ce7_o.jpg
346,https://live.staticflickr.com/193/3263950071_08b4dac5d8_o.jpg
347,https://live.staticflickr.com/5662/31065378520_7b477cd9df_o.jpg
348,https://live.staticflickr.com/2458/3904176129_702b1c30c1_o.jpg
349,
350,https://live.staticflickr.com/8167/7588458240_c04dd94848_o.jpg
351,
352,https://live.staticflickr.com/5099/5458469909_37782f6456_o.jpg
353,https://live.staticflickr.com/4094/4772622728_bb78546906_o.jpg
354,https://live.staticflickr.com/5096/5592606709_e71649f64a_o.jpg
355,https://live.staticflickr.com/564/31645658083_8270b28ede_o.jpg
356,https://live.staticflickr.com/2051/2234740919_2c92b8ae99_o.jpg
357,https://live.staticflickr.com/3042/5819693646_c47f94da00_o.jpg
358,https://live.staticflickr.com/2898/14064697874_1a2c18be5d_o.jpg
359,https://live.staticflickr.com/7205/14060918502_2658f75692_o.jpg
360,https://live.staticflickr.com/7262/8167360719_ce33a87930_o.jpg
361,https://live.staticflickr.com/7052/6848744073_55f81ab660_o.jpg
362,https://live.staticflickr.com/7058/6966921435_cfb3e82264_o.jpg
363,https://live.staticflickr.com/1/255773_d0374a92ab_o.jpg
364,https://live.staticflickr.com/7258/6856335500_266a99ef07_o.jpg
365,https://live.staticflickr.com/3376/3263953603_5b097c86e0_o.jpg
366,https://live.staticflickr.com/3015/2753564507_cb95512b1e_o.jpg
367,
368,https://live.staticflickr.com/7311/10077805625_f7affe9bb5_o.jpg
369,
370,https://live.staticflickr.com/7584/16309924753_904b61132a_o.jpg
371,https://live.staticflickr.com/6153/6235414208_41d8bcb6d3_o.jpg
372,https://live.staticflickr.com/5184/5617764057_ac7476f362_o.jpg
373,https://live.staticflickr.com/71/182172222_94f7805337_o.jpg
374,https://live.staticflickr.com/51/143147750_774fd2e18b_o.jpg
375,https://live.staticflickr.com/2771/4315201549_885807f976_o.jpg
376,https://live.staticflickr.com/3086/2926813211_bdff71af71_o.jpg
377,https://live.staticflickr.com/4052/4706629223_b8127c05ef_o.jpg
378,
379,
380,https://live.staticflickr.com/6062/6045305264_880167b769_o.jpg
381,
382,
383,https://live.staticflickr.com/2038/1563307707_124b9e58b5_o.jpg
384,https://live.staticflickr.com/3173/2779426647_51292b752e_o.jpg
385,https://live.staticflickr.com/179/413604488_32f04e41f2_o.jpg
386,https://live.staticflickr.com/760/22519814270_cae6452826_o.jpg
387,https://live.staticflickr.com/19/94313513_da2b2ec8ed_o.jpg
388,https://live.staticflickr.com/8219/8419625038_413a2a3643_o.jpg
389,
390,https://live.staticflickr.com/2418/1782909831_c1bdf828d2_o.jpg
391,https://live.staticflickr.com/2399/2533170457_08fbaf00d9_o.jpg
392,
393,
394,https://live.staticflickr.com/5181/5572960517_2ccafc2e2b_o.jpg
395,https://live.staticflickr.com/76/166014677_2350439a75_o.jpg
396,https://live.staticflickr.com/6015/6002153203_0d53ee1d18_o.jpg
397,https://live.staticflickr.com/3265/2790103598_71ff96945c_o.jpg
398,https://live.staticflickr.com/8204/8218774952_647f5c5771_o.jpg
399,https://live.staticflickr.com/5729/22125041608_29bcb0a3d0_o.jpg
400,https://live.staticflickr.com/8494/8270911447_e25dcc6a8b_o.jpg
401,https://live.staticflickr.com/3278/2800095656_966436950b_o.jpg
402,https://live.staticflickr.com/7047/6815289282_8fa598b956_o.jpg
403,https://live.staticflickr.com/1144/1088519585_6cf0ada3be_o.jpg
404,https://live.staticflickr.com/3162/2292154597_9f6cb9c002_o.jpg
405,
406,
407,https://live.staticflickr.com/5256/5439407088_a8e232f07c_o.jpg
408,https://live.staticflickr.com/3790/12753147875_6323f5ff09_o.jpg
409,https://live.staticflickr.com/8153/7588457924_74442ab5c8_o.jpg
410,https://live.staticflickr.com/6163/6161095587_b4e2c78e28_o.jpg
411,https://live.staticflickr.com/1431/828036574_7e26a2b829_o.jpg
412,https://live.staticflickr.com/7094/7187402273_121308f1c7_o.jpg
413,https://live.staticflickr.com/1422/5116891669_89dcfddc44_o.jpg
414,
415,https://live.staticflickr.com/5007/5329161160_12e3ff2056_o.jpg
416,https://live.staticflickr.com/2737/4382318699_73c9e95519_o.jpg
417,
418,https://live.staticflickr.com/98/221495412_42e498239e_o.jpg
419,https://live.staticflickr.com/7437/9130299373_b4a8b1a374_o.jpg
420,https://live.staticflickr.com/3045/3106580322_2a894ea4a1_o.jpg
421,https://live.staticflickr.com/2737/4200561776_522a067d75_o.jpg
422,https://live.staticflickr.com/2515/3769511866_884b639ed7_o.jpg
423,https://live.staticflickr.com/5718/23301547910_afa47e2298_o.jpg
424,https://live.staticflickr.com/3047/2614115111_ab6ff309fd_o.jpg
425,https://live.staticflickr.com/5305/5555654869_4309115418_o.jpg
426,https://live.staticflickr.com/3146/2957707111_c51656d0e4_o.jpg
427,https://live.staticflickr.com/8381/8521108085_367c0c7362_o.jpg
428,https://live.staticflickr.com/3524/3193506199_ff83f7a7c7_o.jpg
429,https://live.staticflickr.com/2310/2410446479_0fbba40e6e_o.jpg
430,https://live.staticflickr.com/3234/3106581796_b2448b892b_o.jpg
431,
432,https://live.staticflickr.com/1188/940320759_d7f37ab476_o.jpg
433,https://live.staticflickr.com/7023/6630540547_6f507cb428_o.jpg
434,
435,https://live.staticflickr.com/5304/5701183739_6dab0d8c34_o.jpg
436,https://live.staticflickr.com/3135/3057497701_c9c17a37a1_o.jpg
437,
438,https://live.staticflickr.com/6044/6226016034_4ebdf0d648_o.jpg
439,
440,https://live.staticflickr.com/4066/4410182658_4a02d70734_o.jpg
441,https://live.staticflickr.com/226/494915092_18575da493_o.jpg
442,https://live.staticflickr.com/5813/23156714089_1bfd6c1029_o.jpg
443,https://live.staticflickr.com/2728/4395827449_ca2bfc77d2_o.jpg
444,https://live.staticflickr.com/2755/4168452915_f355f68b9d_o.jpg
445,https://live.staticflickr.com/6182/6089434117_6663aa48ee_o.jpg
446,https://live.staticflickr.com/3233/2973166238_22618299d0_o.jpg
447,https://live.staticflickr.com/3683/10212217935_32ab382745_o.jpg
448,https://live.staticflickr.com/607/23415606252_762b243073_o.jpg
449,https://live.staticflickr.com/5255/5394284280_824d2b7bbc_o.jpg
450,https://live.staticflickr.com/6182/6089434117_6663aa48ee_o.jpg
451,https://live.staticflickr.com/3233/2973166238_22618299d0_o.jpg
452,https://live.staticflickr.com/3683/10212217935_32ab382745_o.jpg
453,https://live.staticflickr.com/6163/6161095587_b4e2c78e28_o.jpg
454,https://live.staticflickr.com/1431/828036574_7e26a2b829_o.jpg
455,https://live.staticflickr.com/607/23415606252_762b243073_o.jpg
456,https://live.staticflickr.com/5255/5394284280_824d2b7bbc_o.jpg
457,https://live.staticflickr.com/2654/3753575493_7ab617a6dc_o.jpg
458,
459,https://live.staticflickr.com/4028/4710145271_5fa027c990_o.jpg
460,
461,https://live.staticflickr.com/1411/1046923817_0cb3e7f827_o.jpg
462,
463,
464,
465,https://live.staticflickr.com/3148/2699516098_66970ee2f2_o.jpg
466,https://live.staticflickr.com/7044/6849466255_234c2c9065_o.jpg
467,https://live.staticflickr.com/4017/4697527553_9568f1ed0e_o.jpg
468,https://live.staticflickr.com/7358/14040979026_ca9735d729_o.jpg
469,
470,https://live.staticflickr.com/5339/9132680942_b591bb5388_o.jpg
471,https://live.staticflickr.com/2448/3616049113_d86cd154b4_o.jpg
472,https://live.staticflickr.com/5220/5506365644_ff709b2e86_o.jpg
473,
474,https://live.staticflickr.com/5097/5426386737_fe40d1fc18_o.jpg
475,https://live.staticflickr.com/209/483369263_cea6a0df03_o.jpg
476,https://live.staticflickr.com/4069/4484679052_1f06f350d5_o.jpg
477,https://live.staticflickr.com/6145/5945578092_9b9c8939a9_o.jpg
478,
479,
480,https://live.staticflickr.com/3628/3388728459_776986de54_o.jpg
481,https://live.staticflickr.com/669/21690033424_a881b55589_o.jpg
482,https://live.staticflickr.com/3690/9130471251_5e94595228_o.jpg
483,https://live.staticflickr.com/6153/6173843858_c2825cbbaa_o.jpg
484,https://live.staticflickr.com/5246/5292638841_331a0587a9_o.jpg
485,https://live.staticflickr.com/3599/3406193500_2b4f56fe52_o.jpg
486,https://live.staticflickr.com/3520/3882089333_a0f8a27ee5_o.jpg
487,https://live.staticflickr.com/7431/9386449797_e6c3b4389d_o.jpg
488,https://live.staticflickr.com/7163/6836205045_b29df86cff_o.jpg
489,https://live.staticflickr.com/4042/4265746921_06713b8783_o.jpg
490,https://live.staticflickr.com/3085/3138953043_0ba5933d8b_o.jpg
491,https://live.staticflickr.com/3117/2911501718_f3b87061eb_o.jpg
492,https://live.staticflickr.com/2602/5811161251_cd4d84df0d_o.jpg
493,https://live.staticflickr.com/3017/2590664109_ce51cc1878_o.jpg
494,https://live.staticflickr.com/8048/8403340226_006b8141e8_o.jpg
495,https://live.staticflickr.com/7163/6494927827_97b2d35c4b_o.jpg
496,https://live.staticflickr.com/1087/1240935353_704eedac92_o.jpg
497,https://live.staticflickr.com/6091/6866223348_7d3476ce03_o.jpg
498,https://live.staticflickr.com/7024/6626209487_eecbfc5722_o.jpg
499,https://live.staticflickr.com/2886/34207435585_8779a6efda_o.jpg
